1,Nancie,Female,ncapp0@shutterfly.com
2,Nealy,Male,nmusico1@spotify.com
3,Harbert,Male,hchstney2@google.co.jp
4,Giraldo,Male,grennocks3@technorati.com
5,Dierdre,Female,dlomb4@tinyurl.com
6,Quincy,Male,qahrenius5@google.ru
7,Dick,Male,dveighey6@ifeng.com
8,Mommy,Female,mderbyshire7@is.gd
9,Aubrey,Female,aaldhous8@hc360.com
10,Virginia,Female,vsokell9@rambler.ru
11,Mary,Female,mscyonea@examiner.com
12,Marena,Female,mhuorticb@spiegel.de
13,Joye,Female,jtidridgec@ed.gov
14,Selestina,Female,sastlattd@4shared.com
15,Grannie,Male,glummise@mapquest.com
16,Ban,Male,bwaleworkf@hexun.com
17,Massimo,Male,mlampaertg@123-reg.co.uk
18,Hilary,Female,hmanuelh@amazon.de
19,Zachariah,Male,zupwardi@tinypic.com
20,Davida,Female,dmavenj@seattletimes.com
21,Wilmer,Male,wbenallackk@so-net.ne.jp
22,Raquela,Female,rofieldl@kickstarter.com
23,Emory,Male,esiemonm@cornell.edu
24,Bruno,Male,byandelln@soup.io
25,Basilius,Male,bhinckleyo@latimes.com
26,Wylie,Male,weirwinp@dion.ne.jp
27,Maurise,Female,mmccowanq@instagram.com
28,Barry,Female,bkittredger@deviantart.com
29,Zilvia,Female,zjergs@yale.edu
30,Emilia,Female,emangant@go.com
31,Doralynne,Female,dcarru@flickr.com
32,Vonni,Female,vgrestyv@ted.com
33,Regen,Male,rjindracekw@bbc.co.uk
34,Sydney,Male,ssatterleex@netlog.com
35,Arlen,Male,aklimushevy@abc.net.au
36,Wally,Female,wweblinz@webeden.co.uk
37,Nedi,Female,nmusson10@wired.com
38,Janeen,Female,jquade11@sun.com
39,Edouard,Male,emcgraffin12@dell.com
40,Enrichetta,Female,eabrahami13@so-net.ne.jp
41,Brena,Female,bgillard14@dailymail.co.uk
42,Irvine,Male,igrass15@nbcnews.com
43,Broddie,Male,bhaimes16@dell.com
44,Gigi,Female,gklasen17@pbs.org
45,Rowena,Female,rallso18@facebook.com
46,Alanna,Female,abradwell19@go.com
47,Ethelred,Male,etregiddo1a@europa.eu
48,Charlotta,Female,ccaddy1b@ted.com
49,Sela,Female,scotsford1c@1und1.de
50,Leo,Male,lpoone1d@jigsy.com
51,Giacopo,Male,gverrick1e@mozilla.org
52,Brant,Male,boguz1f@bloglines.com
53,Ferrell,Male,fstoller1g@umich.edu
54,Hew,Male,hallward1h@pinterest.com
55,Thorin,Male,thanby1i@geocities.jp
56,Shela,Female,shotchkin1j@youku.com
57,Sophey,Female,skellar1k@wp.com
58,Ingar,Male,itruesdale1l@soup.io
59,Normy,Male,nbryceson1m@wiley.com
60,Hallsy,Male,hjovicevic1n@friendfeed.com
61,Beale,Male,bhodgon1o@timesonline.co.uk
62,Hatty,Female,hastridge1p@nymag.com
63,Gordie,Male,gbondar1q@123-reg.co.uk
64,Lethia,Female,lcrellin1r@msu.edu
65,Arnuad,Male,adomelaw1s@yolasite.com
66,Valery,Female,vbragger1t@nasa.gov
67,Karola,Female,kwoolhouse1u@tuttocitta.it
68,Elna,Female,ecrigin1v@blogger.com
69,Temp,Male,tespina1w@washington.edu
70,Ruby,Female,rsuero1x@barnesandnoble.com
71,Oralia,Female,obeaty1y@google.nl
72,Roley,Male,rpawelski1z@cdbaby.com
73,Babette,Female,bjenkin20@wikispaces.com
74,Den,Male,dravenhill21@kickstarter.com
75,Amitie,Female,apirrie22@mapquest.com
76,Gerick,Male,gmatejic23@comsenz.com
77,Ibbie,Female,iingleby24@csmonitor.com
78,Alfreda,Female,apaulino25@google.de
79,Jodie,Male,jbeyn26@drupal.org
80,Liza,Female,lonoulane27@bluehost.com
81,Carlos,Male,cwyness28@fda.gov
82,Angelika,Female,abotley29@scientificamerican.com
83,Freemon,Male,fteasey2a@cornell.edu
84,Veda,Female,vkauffman2b@github.com
85,Mallissa,Female,mgorvin2c@posterous.com
86,Rube,Male,rfransoni2d@blogs.com
87,Abdul,Male,aleglise2e@cmu.edu
88,Barrie,Female,bgreetland2f@theglobeandmail.com
89,Rriocard,Male,rbittleson2g@engadget.com
90,Markus,Male,msteutly2h@samsung.com
91,Dagmar,Female,dwarwicker2i@domainmarket.com
92,Val,Male,vburrells2j@tiny.cc
93,Cordula,Female,charden2k@netvibes.com
94,Jolie,Female,jcouronne2l@dagondesign.com
95,Hirsch,Male,hroz2m@dyndns.org
96,Niall,Male,nbrayson2n@posterous.com
97,Myrtice,Female,mmaestrini2o@wikia.com
98,Jacynth,Female,jwindsor2p@oakley.com
99,Matilde,Female,mhounson2q@bluehost.com
100,Rick,Male,rimm2r@gnu.org
101,Edward,Male,ehorney2s@scientificamerican.com
102,Natal,Male,nronnay2t@163.com
103,Jean,Male,jcankett2u@phpbb.com
104,Jon,Male,jzoellner2v@rakuten.co.jp
105,Joelly,Female,jmelmore2w@slideshare.net
106,Sonny,Male,sshotter2x@plala.or.jp
107,Cleavland,Male,creneke2y@cmu.edu
108,Bryce,Male,bcasarili2z@vimeo.com
109,Filbert,Male,fdormon30@jiathis.com
110,Erny,Male,erasch31@lycos.com
111,Lukas,Male,llumpkin32@harvard.edu
112,Hirsch,Male,hrosterne33@mlb.com
113,Giselle,Female,gcasajuana34@google.com
114,Lev,Male,lrisby35@ihg.com
115,Giorgio,Male,gferminger36@goodreads.com
116,Ray,Male,rkinge37@naver.com
117,Isahella,Female,idoleman38@nationalgeographic.com
118,Lanny,Male,lgoley39@51.la
119,Cesya,Female,ccrichmere3a@yandex.ru
120,Fair,Male,fshergold3b@prweb.com
121,Salvidor,Male,ssiegertsz3c@huffingtonpost.com
122,Archibaldo,Male,amccuish3d@princeton.edu
123,Neal,Male,npotkins3e@live.com
124,Rebekah,Female,rrafferty3f@timesonline.co.uk
125,Amitie,Female,akenwell3g@ft.com
126,Frasco,Male,ffortin3h@php.net
127,Francois,Male,ftamas3i@fc2.com
128,Joseph,Male,jbradbrook3j@surveymonkey.com
129,Carla,Female,cgrishechkin3k@nps.gov
130,Donny,Male,ddimeo3l@newyorker.com
131,Kerr,Male,kbisseker3m@hhs.gov
132,Sam,Female,scorzon3n@cbsnews.com
133,Marcela,Female,mmckeefry3o@usatoday.com
134,Gabi,Female,ghaggar3p@flavors.me
135,Bobbee,Female,basty3q@weibo.com
136,Giavani,Male,gkanzler3r@admin.ch
137,Belvia,Female,ballin3s@yahoo.co.jp
138,Wat,Male,wpanchen3t@mediafire.com
139,Aharon,Male,abouch3u@umn.edu
140,Lurlene,Female,lmetcalf3v@last.fm
141,Rafaello,Male,rlanning3w@goodreads.com
142,Kippie,Male,kberkeley3x@smh.com.au
143,Tabbitha,Female,tterren3y@auda.org.au
144,Mamie,Female,mfoystone3z@sun.com
145,Marley,Female,mallmann40@csmonitor.com
146,Job,Male,jwagenen41@squarespace.com
147,Jeanette,Female,jsiley42@nsw.gov.au
148,Karine,Female,kchapple43@hubpages.com
149,Gilbert,Male,gpeirazzi44@ezinearticles.com
150,Ruy,Male,rcaunce45@linkedin.com
151,Konstantine,Male,kbourton46@imgur.com
152,Kerrill,Female,kwenderoth47@google.pl
153,Larina,Female,lkeeton48@cbc.ca
154,Broderic,Male,bmerrick49@simplemachines.org
155,Aldis,Male,ahulbert4a@nps.gov
156,Jody,Female,jlempel4b@symantec.com
157,Lizabeth,Female,lcopcutt4c@slate.com
158,Kareem,Male,ksproule4d@sogou.com
159,Adolphe,Male,asainz4e@weibo.com
160,Wilmer,Male,wmcgarva4f@pagesperso-orange.fr
161,Sophie,Female,sdemattei4g@home.pl
162,Clyve,Male,cflooks4h@cbsnews.com
163,Mitzi,Female,mprugel4i@yahoo.co.jp
164,Dolli,Female,dohdirscoll4j@chron.com
165,Charil,Female,cchesher4k@example.com
166,Neale,Male,nbalderstone4l@alexa.com
167,Carroll,Female,ccufley4m@jugem.jp
168,Arie,Male,alydford4n@sciencedaily.com
169,Bobbie,Male,brippin4o@sourceforge.net
170,Augustina,Female,acapelen4p@wunderground.com
171,Conant,Male,ctoppes4q@mail.ru
172,Licha,Female,lcomford4r@abc.net.au
173,Mareah,Female,mgartin4s@nsw.gov.au
174,Haskel,Male,hellerton4t@nifty.com
175,Gayle,Male,ggawke4u@usa.gov
176,Moe,Male,mrosenfield4v@printfriendly.com
177,Roseanne,Female,remblow4w@google.com
178,Candace,Female,cmorley4x@twitter.com
179,Saundra,Female,schenery4y@dailymail.co.uk
180,Rik,Male,rdanilovitch4z@smugmug.com
181,Shirl,Female,svanns50@printfriendly.com
182,Wait,Male,wmcalarney51@etsy.com
183,Erena,Female,eblackmoor52@ameblo.jp
184,Christos,Male,cwickmann53@studiopress.com
185,Merwin,Male,mstuddert54@squarespace.com
186,Ferdy,Male,fonoulane55@usnews.com
187,Read,Male,rgargett56@dailymotion.com
188,Francisco,Male,fjodrellec57@kickstarter.com
189,Kimbell,Male,kabba58@telegraph.co.uk
190,Gratia,Female,gtrenoweth59@bing.com
191,Ellynn,Female,escamerden5a@bravesites.com
192,Yasmin,Female,yboken5b@google.com.hk
193,Candida,Female,cfreeberne5c@printfriendly.com
194,Freddie,Male,fvarvara5d@indiatimes.com
195,Kahaleel,Male,kharverson5e@pbs.org
196,Barbe,Female,blackington5f@yale.edu
197,Hamid,Male,hlambdon5g@godaddy.com
198,Meggi,Female,mclutram5h@google.cn
199,Leroy,Male,lmccully5i@storify.com
200,Ethelyn,Female,ekubiak5j@shareasale.com
201,Dwain,Male,dlude5k@soup.io
202,Lanae,Female,lfullagar5l@cargocollective.com
203,Clay,Male,cfiggs5m@merriam-webster.com
204,Fae,Female,fdullard5n@cbsnews.com
205,Paton,Male,plars5o@google.com
206,Hatti,Female,hbrockbank5p@hexun.com
207,Delmar,Male,ddezuani5q@prweb.com
208,Georgie,Male,gbelshaw5r@issuu.com
209,Rois,Female,rsabberton5s@elegantthemes.com
210,Dodi,Female,dcominello5t@ow.ly
211,Lorianna,Female,lantonsen5u@amazon.de
212,Valaria,Female,vbalsdone5v@princeton.edu
213,Jamill,Male,jchalice5w@freewebs.com
214,Caro,Female,cmeininking5x@biglobe.ne.jp
215,Jo ann,Female,jstanluck5y@yelp.com
216,Kerby,Male,kdoerffer5z@columbia.edu
217,Wilona,Female,weefting60@over-blog.com
218,Evered,Male,ebellhanger61@blogspot.com
219,Nelie,Female,nmccome62@hostgator.com
220,Gabbi,Female,ghelix63@yahoo.co.jp
221,Raleigh,Male,rsertin64@sohu.com
222,Heather,Female,hlovstrom65@livejournal.com
223,Brooke,Male,borgee66@fc2.com
224,Dill,Male,dkelsey67@fema.gov
225,Joseph,Male,jalliban68@4shared.com
226,Ramon,Male,rdownham69@soundcloud.com
227,Benedetto,Male,blorryman6a@blogspot.com
228,Julie,Male,jclohissy6b@purevolume.com
229,Mellisa,Female,mpinyon6c@who.int
230,Garreth,Male,gdellit6d@oakley.com
231,Trude,Female,tswyn6e@google.co.jp
232,Charlot,Female,cgiacoppo6f@marriott.com
233,Avery,Male,aquesne6g@bigcartel.com
234,Clevey,Male,cspere6h@weebly.com
235,Dita,Female,daspey6i@cisco.com
236,Shelbi,Female,sfarnhill6j@ihg.com
237,Trixy,Female,tschwieso6k@wunderground.com
238,Mohandis,Male,mtingey6l@mozilla.com
239,Cthrine,Female,ccrallan6m@npr.org
240,Hesther,Female,hludlam6n@taobao.com
241,Lark,Female,lchasson6o@yahoo.co.jp
242,Sherie,Female,smanners6p@rakuten.co.jp
243,Megen,Female,maslott6q@newsvine.com
244,Maggie,Female,mjillions6r@ftc.gov
245,Packston,Male,pcassell6s@buzzfeed.com
246,Baily,Male,bcullinan6t@blinklist.com
247,Sumner,Male,shicken6u@linkedin.com
248,Armand,Male,ableeze6v@topsy.com
249,Mayne,Male,mcammell6w@360.cn
250,Jereme,Male,jnewbury6x@google.com.hk
251,Chauncey,Male,cgotobed6y@tinyurl.com
252,Enoch,Male,eingrey6z@eepurl.com
253,Ezra,Male,esuddick70@time.com
254,Hoebart,Male,hmacgillreich71@cmu.edu
255,Gaylord,Male,gwhittles72@ebay.co.uk
256,Bella,Female,bgrzegorecki73@posterous.com
257,Ravid,Male,rhelkin74@census.gov
258,Vivia,Female,vcatenot75@sun.com
259,Pall,Male,ppeter76@si.edu
260,Alister,Male,atender77@utexas.edu
261,Oralla,Female,oginnally78@techcrunch.com
262,Franchot,Male,fcatmull79@cbc.ca
263,Reuben,Male,rreef7a@dyndns.org
264,Floyd,Male,fmordin7b@pagesperso-orange.fr
265,Lusa,Female,lcamblin7c@photobucket.com
266,Arv,Male,atollmache7d@printfriendly.com
267,Charmion,Female,cfermer7e@dyndns.org
268,Anjanette,Female,adakin7f@ox.ac.uk
269,Monica,Female,mcavey7g@patch.com
270,Marion,Male,morfeur7h@fc2.com
271,Bab,Female,btoffoloni7i@fema.gov
272,Noak,Male,nwhyatt7j@github.com
273,Elset,Female,elorraine7k@ted.com
274,Evey,Female,emcnellis7l@nasa.gov
275,Onofredo,Male,ostrelitzer7m@bing.com
276,Barton,Male,bfellgett7n@networksolutions.com
277,Joseph,Male,jdelafeld7o@deliciousdays.com
278,Brier,Female,bsoloway7p@networksolutions.com
279,Giulio,Male,gchislett7q@bloglovin.com
280,Nissa,Female,nsleaford7r@is.gd
281,Isidoro,Male,itwiddle7s@wisc.edu
282,Cordula,Female,cpeplay7t@indiegogo.com
283,Sisile,Female,squiddihy7u@cpanel.net
284,Malcolm,Male,medison7v@vistaprint.com
285,Stephanus,Male,skleint7w@phpbb.com
286,Karie,Female,kromme7x@paginegialle.it
287,Charlie,Male,cflaunders7y@wsj.com
288,Bridget,Female,bstonham7z@i2i.jp
289,Loutitia,Female,lmourton80@delicious.com
290,Farrand,Female,fcrosthwaite81@irs.gov
291,Murray,Male,moutram82@adobe.com
292,Kevon,Male,kounsworth83@php.net
293,Babette,Female,bduncklee84@a8.net
294,Annice,Female,ahutchence85@pcworld.com
295,Jamal,Male,jpooly86@imdb.com
296,Gregoire,Male,gscarlett87@comsenz.com
297,Claudelle,Female,cwillcock88@fda.gov
298,Marci,Female,mchauvey89@bing.com
299,Tibold,Male,tmcgrill8a@redcross.org
300,Tammy,Male,twhatsize8b@slideshare.net
301,Tyrus,Male,twaterland8c@sphinn.com
302,Arnoldo,Male,ahoppner8d@fc2.com
303,Pavia,Female,phemstead8e@ow.ly
304,Viva,Female,vhustings8f@mysql.com
305,Sabine,Female,sduding8g@pbs.org
306,Hakim,Male,hhartless8h@mozilla.org
307,Jedediah,Male,jbrise8i@ehow.com
308,Theodoric,Male,tgrinnell8j@ycombinator.com
309,Dickie,Male,djoiris8k@storify.com
310,Sada,Female,scashell8l@ebay.com
311,Gertrude,Female,gcalan8m@google.fr
312,Linnea,Female,lphilbrook8n@upenn.edu
313,Sandor,Male,sgrimditch8o@msu.edu
314,Kamilah,Female,kbotterell8p@patch.com
315,Graeme,Male,genglishby8q@mtv.com
316,Annmaria,Female,anorquoy8r@earthlink.net
317,Celie,Female,cjacqueminot8s@wunderground.com
318,Dene,Male,dpandya8t@123-reg.co.uk
319,Elmer,Male,epinnock8u@wunderground.com
320,Gale,Female,gaugust8v@wikipedia.org
321,Barbey,Female,btaborre8w@earthlink.net
322,Jan,Female,jdayment8x@walmart.com
323,Myer,Male,mjozefowicz8y@gravatar.com
324,Braden,Male,buvedale8z@sogou.com
325,Angy,Female,ahatch90@baidu.com
326,Dollie,Female,dgilks91@simplemachines.org
327,Bay,Male,bgerson92@woothemes.com
328,Elfrieda,Female,elant93@comsenz.com
329,Cori,Male,choble94@theatlantic.com
330,Glen,Male,glindup95@nba.com
331,Keefer,Male,khuelin96@altervista.org
332,Niall,Male,ntimmins97@barnesandnoble.com
333,Janeva,Female,jchrystie98@myspace.com
334,Carlo,Male,cbuske99@answers.com
335,Emlynn,Female,econvery9a@ucoz.com
336,Meridel,Female,mjenking9b@istockphoto.com
337,Sheff,Male,skarchowski9c@ucla.edu
338,Farah,Female,freadshall9d@myspace.com
339,Jerrine,Female,jcoutts9e@twitpic.com
340,Fitz,Male,fingrey9f@wikia.com
341,Justis,Male,jpoyntz9g@wiley.com
342,Farly,Male,fmcgiveen9h@flavors.me
343,Hobard,Male,hmarlor9i@fotki.com
344,Noemi,Female,nlesser9j@infoseek.co.jp
345,Dale,Male,dslowey9k@cornell.edu
346,Charlton,Male,cpeyro9l@miitbeian.gov.cn
347,Olivia,Female,opeyzer9m@wired.com
348,Nikolas,Male,nscragg9n@biblegateway.com
349,Rodge,Male,rcrabbe9o@reddit.com
350,Shane,Male,sdalgarnowch9p@macromedia.com
351,Noby,Male,nbeccero9q@blog.com
352,Caria,Female,coshields9r@i2i.jp
353,Darren,Male,dkitcher9s@census.gov
354,Walton,Male,wrunnicles9t@so-net.ne.jp
355,Justus,Male,jhudspith9u@diigo.com
356,Ferdinanda,Female,fcorwin9v@sciencedaily.com
357,Roma,Male,rgarnam9w@senate.gov
358,Lorant,Male,lranshaw9x@ox.ac.uk
359,Mikey,Male,mdraye9y@dell.com
360,Hilliary,Female,hcunnah9z@istockphoto.com
361,Weidar,Male,wtunnocka0@godaddy.com
362,Calhoun,Male,chandkea1@chronoengine.com
363,Arlan,Male,adicarlia2@scientificamerican.com
364,Pavel,Male,pivushkina3@livejournal.com
365,Dionis,Female,dvasyagina4@yolasite.com
366,Micki,Female,mquartermaina5@google.com.au
367,Oriana,Female,ochinnicka6@time.com
368,Ernesto,Male,epharoa7@usgs.gov
369,Joan,Female,jmufforda8@jimdo.com
370,Nico,Male,nchampkinsa9@un.org
371,Pinchas,Male,pcroizieraa@tamu.edu
372,Gavin,Male,glemmanbieab@seattletimes.com
373,Erena,Female,emccoshac@live.com
374,Jehanna,Female,jbourgourad@hugedomains.com
375,Othello,Male,oelsmereae@statcounter.com
376,Roman,Male,rjeffelsaf@godaddy.com
377,Danit,Female,djobbag@economist.com
378,Cirilo,Male,charkinah@webs.com
379,Hallsy,Male,havoryai@ask.com
380,Gregory,Male,gmulhallaj@ask.com
381,Tami,Female,tfairallak@stumbleupon.com
382,Olivette,Female,omarcosal@ow.ly
383,Melosa,Female,mhallumsam@nytimes.com
384,Alaric,Male,abinehaman@istockphoto.com
385,Amos,Male,abarensenao@jimdo.com
386,Sarena,Female,sbrassingtonap@chicagotribune.com
387,Cchaddie,Male,cmaddyaq@hatena.ne.jp
388,Artemis,Male,ajentonar@cmu.edu
389,Edan,Male,ebertramas@com.com
390,Ethelbert,Male,edanburyat@webnode.com
391,Chen,Male,cbraemerau@europa.eu
392,Ryan,Male,rpysonav@qq.com
393,Minnnie,Female,mduckhamaw@un.org
394,Giustina,Female,gyitzhakovax@ustream.tv
395,Orazio,Male,oguilfoyleay@vk.com
396,Drucill,Female,dmellonaz@skype.com
397,Timmie,Male,tfraserb0@symantec.com
398,Tuckie,Male,tgoodlipb1@smugmug.com
399,Pen,Male,phebburnb2@pen.io
400,Tootsie,Female,ttrowellb3@cdc.gov
401,Karee,Female,kcabrerb4@spotify.com
402,Gilles,Male,gchapmanb5@deliciousdays.com
403,Harri,Female,hcapponeerb6@yahoo.co.jp
404,Alfons,Male,abutnerb7@jugem.jp
405,Timmy,Male,tsharphouseb8@bing.com
406,Adriano,Male,aioannoub9@soundcloud.com
407,Cheston,Male,cvidoba@yahoo.co.jp
408,Shem,Male,slarrowaybb@joomla.org
409,Manda,Female,mwickrathbc@dot.gov
410,Ede,Female,equillinanebd@prnewswire.com
411,Shaylynn,Female,swedderburnbe@howstuffworks.com
412,Stephanus,Male,spratleybf@opera.com
413,Rhett,Male,rkristiansenbg@webnode.com
414,Uri,Male,uzelnerbh@smh.com.au
415,Megen,Female,mosantbi@bing.com
416,Wyatt,Male,wryottbj@sfgate.com
417,Anetta,Female,ahadwinbk@deliciousdays.com
418,Candra,Female,cnielsonbl@indiegogo.com
419,Josy,Female,jennsbm@ifeng.com
420,Byrle,Male,bandraschbn@goo.gl
421,Stephannie,Female,sgillesonbo@mediafire.com
422,Anthia,Female,aduplantierbp@dell.com
423,Goddart,Male,gdenizetbq@nps.gov
424,Janet,Female,jtatersalebr@examiner.com
425,Cristina,Female,cdaintreebs@cyberchimps.com
426,Saudra,Female,sfurberbt@ucsd.edu
427,Rebe,Female,rskipseabu@topsy.com
428,Case,Male,crennickbv@forbes.com
429,Bond,Male,bphilippoubw@hc360.com
430,Thoma,Male,tnugentbx@washington.edu
431,Phyllida,Female,pbifieldby@edublogs.org
432,Candide,Female,cprivettbz@cocolog-nifty.com
433,Osborn,Male,owagstaffc0@sphinn.com
434,Cayla,Female,cgosartc1@bloomberg.com
435,Rosella,Female,rhathawayc2@foxnews.com
436,Lari,Female,lrafec3@vimeo.com
437,Allister,Male,acasieroc4@t.co
438,Ferne,Female,fackeryc5@jimdo.com
439,Manya,Female,mrosellic6@fda.gov
440,Laina,Female,lbroaderc7@tinyurl.com
441,Lee,Female,lklimochkinc8@cnbc.com
442,Benetta,Female,bozintsevc9@redcross.org
443,Ephrem,Male,ebanatca@blog.com
444,Luciano,Male,lalesbrookcb@indiatimes.com
445,Madison,Male,mlinchcc@netvibes.com
446,Gui,Female,gkolodziejcd@sohu.com
447,Maurie,Male,mmccomiskiece@yahoo.com
448,Yalonda,Female,ytallentcf@theguardian.com
449,Nariko,Female,nbrearcg@engadget.com
450,Dorothy,Female,dyorkch@fastcompany.com
451,Virgie,Male,vmcureci@nifty.com
452,Seka,Female,shullinscj@netlog.com
453,Eddie,Male,ebrophyck@state.gov
454,Concordia,Female,clevesleycl@nih.gov
455,Reuben,Male,rvesquecm@blinklist.com
456,Loreen,Female,ldeandreiscn@51.la
457,Hobey,Male,horeaganco@tuttocitta.it
458,Noble,Male,nofarrellcp@who.int
459,Penny,Male,pplankscq@apple.com
460,Waldon,Male,wenrichcr@nba.com
461,Delano,Male,dsoonhousecs@vk.com
462,Almeda,Female,aredparthct@pagesperso-orange.fr
463,Kelbee,Male,kkrysztowczykcu@list-manage.com
464,Rochester,Male,rcritchcv@pbs.org
465,Ogdon,Male,odenecampcw@photobucket.com
466,Maggy,Female,mdannohlcx@marketwatch.com
467,Lemuel,Male,lpulsfordcy@prlog.org
468,Fidel,Male,fcolamcz@dyndns.org
469,Nisse,Female,nfannd0@freewebs.com
470,Nolana,Female,nlimmerd1@wikia.com
471,Tomas,Male,tpinnickd2@reddit.com
472,Barbee,Female,bgiorgioned3@deliciousdays.com
473,Hugh,Male,hmcamishd4@icio.us
474,Ciel,Female,cmccomishd5@vinaora.com
475,Berny,Male,baylind6@spiegel.de
476,Jamison,Male,jwedlockd7@tmall.com
477,Rose,Female,rstreaderd8@imdb.com
478,Nevil,Male,nhannawayd9@hubpages.com
479,Garnette,Female,gsansda@hugedomains.com
480,Wernher,Male,wstanluckdb@mysql.com
481,Oliver,Male,ochristofledc@aol.com
482,Stearne,Male,sorvissdd@reverbnation.com
483,Lock,Male,lrowdende@bing.com
484,Beatriz,Female,bmenidf@elpais.com
485,Ainslie,Female,aheighodg@bloomberg.com
486,Rasla,Female,rmcswandh@ameblo.jp
487,Halley,Female,hcommondi@thetimes.co.uk
488,Leandra,Female,lmcginleydj@tinypic.com
489,Elsinore,Female,efraczekdk@unblog.fr
490,Park,Male,pokennydl@alibaba.com
491,Vivyan,Female,vtulldm@reference.com
492,Hattie,Female,hfowlesdn@pcworld.com
493,Keri,Female,kstalliondo@google.ru
494,Traver,Male,tloyleydp@wikispaces.com
495,Estelle,Female,ecauserdq@umn.edu
496,Addison,Male,adrewsdr@japanpost.jp
497,Engelbert,Male,emeneards@merriam-webster.com
498,Wallache,Male,wmassydt@meetup.com
499,Oswald,Male,obagehotdu@bloglovin.com
500,Larine,Female,lradborndv@bigcartel.com
501,Phelia,Female,pniemetzdw@com.com
502,Marinna,Female,mstretedx@wp.com
503,Hermon,Male,hjephcotedy@independent.co.uk
504,Alon,Male,aklemmtdz@goo.gl
505,Concordia,Female,cnorthbridgee0@comcast.net
506,Bab,Female,bnixone1@mit.edu
507,Gene,Female,gscoggine2@yellowpages.com
508,Loralyn,Female,lbornee3@weebly.com
509,Kiel,Male,kelvene4@google.co.uk
510,Rayner,Male,rdymokee5@flavors.me
511,Zachery,Male,zklimkine6@npr.org
512,Parnell,Male,psparke7@utexas.edu
513,Caril,Female,cfilipove8@smh.com.au
514,Allix,Female,ahubbinse9@issuu.com
515,Averill,Male,asyplusea@hexun.com
516,Alvira,Female,ameashameb@dropbox.com
517,Lisette,Female,lburkeec@geocities.jp
518,Carmine,Male,cstrattened@cloudflare.com
519,Chadd,Male,csootsee@springer.com
520,Alphonso,Male,adowzellef@liveinternet.ru
521,Freemon,Male,fcapstackeg@cdc.gov
522,Leora,Female,lfradsoneh@epa.gov
523,Perl,Female,pcurnickei@senate.gov
524,Kipper,Male,kfoggartyej@exblog.jp
525,Colver,Male,cbuscherek@histats.com
526,William,Male,wboggsel@last.fm
527,Giacomo,Male,gbuntenem@va.gov
528,Gayler,Male,gsparkesen@ycombinator.com
529,Irving,Male,ikerrodeo@arizona.edu
530,Brook,Female,bbubbep@apple.com
531,Derward,Male,dcresseyeq@linkedin.com
532,Gwyn,Female,geamerer@seesaa.net
533,Angie,Male,aadamieces@123-reg.co.uk
534,Merrielle,Female,mgarmentet@sitemeter.com
535,Morey,Male,mhaglintoneu@cloudflare.com
536,Adriane,Female,amelroseev@gnu.org
537,Dmitri,Male,dryrieew@vimeo.com
538,Chance,Male,ccordeuxex@twitter.com
539,Mohandas,Male,mduckeringey@msn.com
540,Lennard,Male,lbaltzarez@spotify.com
541,Hart,Male,hgascarf0@bloomberg.com
542,Maybelle,Female,mdyneleyf1@mayoclinic.com
543,Deanna,Female,dgethenf2@livejournal.com
544,Rossy,Male,rbakhrushkinf3@washington.edu
545,Erastus,Male,edarringtonf4@barnesandnoble.com
546,Jo-anne,Female,jdetocf5@goo.ne.jp
547,Trista,Female,tdominkaf6@weebly.com
548,Berta,Female,bdavidofff7@abc.net.au
549,Fanchon,Female,ffraylingf8@amazon.com
550,Theodor,Male,tpittendreighf9@aboutads.info
551,Hirsch,Male,hduckerinfa@nhs.uk
552,Moe,Male,mberriefb@netlog.com
553,Issi,Female,ihalbardfc@cisco.com
554,Babb,Female,bgabbetisfd@ask.com
555,Sal,Male,ssnellmanfe@apple.com
556,Alfonse,Male,awigginsff@slate.com
557,Rubi,Female,rmcgurganfg@wordpress.com
558,Filberte,Male,fpainterfh@buzzfeed.com
559,Dionisio,Male,dkibardfi@de.vu
560,Durand,Male,dosmondfj@surveymonkey.com
561,Rabbi,Male,rpitneyfk@theatlantic.com
562,Farris,Male,fbartolaccifl@bloomberg.com
563,Pace,Male,pruddfm@discuz.net
564,Cami,Female,ckilgallenfn@diigo.com
565,George,Male,gchallicefo@histats.com
566,Mahmoud,Male,mcasboltfp@blinklist.com
567,Philip,Male,pmcilroyfq@mozilla.com
568,Ancell,Male,abolinfr@unc.edu
569,Everett,Male,efaberfs@edublogs.org
570,Gustave,Male,gbeardmoreft@example.com
571,Sibley,Female,sdawbyfu@booking.com
572,Isidoro,Male,ichatefv@utexas.edu
573,Alanson,Male,ajumpfw@amazon.co.jp
574,Jeanie,Female,jbennefx@mozilla.org
575,Fianna,Female,fkillfordfy@craigslist.org
576,Wilbur,Male,wkarimfz@weather.com
577,Munroe,Male,mbattsg0@bigcartel.com
578,Ros,Female,rlukashg1@scientificamerican.com
579,Victoir,Male,vordishg2@eepurl.com
580,Katine,Female,khampshireg3@gizmodo.com
581,Collin,Male,cmorhallg4@bandcamp.com
582,Ermanno,Male,elaingeg5@ftc.gov
583,Dierdre,Female,dspridgeng6@cocolog-nifty.com
584,Lindsey,Male,lgiacovazzog7@hud.gov
585,Brian,Male,bbrunoneg8@cnbc.com
586,Katrinka,Female,kdengelg9@webnode.com
587,Vivie,Female,vmurrhauptga@yale.edu
588,Hunfredo,Male,hdomicangb@nydailynews.com
589,Staci,Female,scastellagc@cornell.edu
590,Florie,Female,fnettleshipgd@hao123.com
591,Reeta,Female,rllewellinge@disqus.com
592,Dorisa,Female,ddillestonegf@photobucket.com
593,Anna,Female,asailesgg@clickbank.net
594,Eustacia,Female,epiotrkowskigh@php.net
595,Vania,Female,vtilliardsgi@yolasite.com
596,Karlyn,Female,kkiddlegj@g.co
597,D'arcy,Male,droddiegk@gravatar.com
598,Javier,Male,jdorsaygl@cdbaby.com
599,Ariella,Female,abottermangm@lycos.com
600,Brantley,Male,bnealygn@google.it
601,Colette,Female,chirjakgo@friendfeed.com
602,Lonny,Male,lhaffnergp@apache.org
603,Jehu,Male,jgrishanovgq@google.pl
604,Lemmy,Male,lrearygr@tiny.cc
605,Briano,Male,bmoorerudgs@google.com
606,Mara,Female,mbrowettgt@newsvine.com
607,Bethanne,Female,bcridlongu@t-online.de
608,Graig,Male,gfirthgv@huffingtonpost.com
609,Edmund,Male,eslocketgw@surveymonkey.com
610,Nap,Male,nlambdengx@squarespace.com
611,Guendolen,Female,gwrathallgy@people.com.cn
612,Kinny,Male,khammgz@noaa.gov
613,Susy,Female,sroscowh0@bloglovin.com
614,Eilis,Female,ethyngh1@dedecms.com
615,Melinda,Female,mmaddieh2@comsenz.com
616,Bernie,Male,bdorberh3@ebay.co.uk
617,Melisande,Female,mcumpstyh4@gnu.org
618,Jerry,Male,jbroinlichh5@hp.com
619,Jasmin,Female,jdimmneh6@shop-pro.jp
620,Caldwell,Male,chizirh7@skyrock.com
621,Yanaton,Male,ywolfarth8@utexas.edu
622,Aleta,Female,araffertyh9@telegraph.co.uk
623,Patrizius,Male,ppetherha@indiatimes.com
624,Rudiger,Male,rarraulthb@google.ru
625,Efrem,Male,egannhc@cdc.gov
626,Teri,Female,tharrimanhd@ask.com
627,Sancho,Male,sbanfordhe@marketwatch.com
628,Clive,Male,ccorserhf@bluehost.com
629,Gardner,Male,gchethamhg@example.com
630,Sophi,Female,sbosherehh@hatena.ne.jp
631,Sunny,Female,sgrewhi@cafepress.com
632,Gallagher,Male,gtolladyhj@guardian.co.uk
633,Ashby,Male,agillilandhk@noaa.gov
634,Alessandra,Female,arubkehl@indiatimes.com
635,Elbert,Male,eshirtcliffehm@goo.gl
636,Annmarie,Female,ayanukhinhn@psu.edu
637,Duff,Male,dparysownaho@washington.edu
638,Vaclav,Male,vveitchhp@csmonitor.com
639,Imogene,Female,ishrieveshq@biglobe.ne.jp
640,Cris,Female,ccollhr@marriott.com
641,Shay,Male,syuryevhs@eepurl.com
642,Gaspard,Male,gboothroydht@mysql.com
643,Wenona,Female,wjovasevichu@mtv.com
644,Aida,Female,aboggishv@eepurl.com
645,Mildred,Female,mmeakhw@nyu.edu
646,Aloysius,Male,amousleyhx@ox.ac.uk
647,Maximo,Male,mstronachhy@fda.gov
648,Myrvyn,Male,mbredgelandhz@salon.com
649,Terrel,Male,tdanihelkai0@toplist.cz
650,Sidney,Male,ssycamorei1@walmart.com
651,Morgana,Female,mpenleyi2@nyu.edu
652,Ruperta,Female,rreichelti3@cpanel.net
653,Dorothee,Female,dwoodsfordi4@smugmug.com
654,Mack,Male,mpolli5@yellowbook.com
655,Yorgo,Male,ycamachoi6@prweb.com
656,Wiatt,Male,wdeverali7@nifty.com
657,Minetta,Female,mdudleyi8@paginegialle.it
658,Leland,Male,lwoodroffi9@jugem.jp
659,Ardis,Female,amenendesia@cnbc.com
660,Thatch,Male,tgearyib@dyndns.org
661,Cassandra,Female,cdunkerlyic@examiner.com
662,Georgeta,Female,gmandresid@nasa.gov
663,Ardath,Female,aboullenie@miitbeian.gov.cn
664,Whitney,Female,wcoggingsif@canalblog.com
665,Hubey,Male,hgodardig@ca.gov
666,Carly,Male,cmeasomih@addtoany.com
667,Vivi,Female,vallansonii@tripadvisor.com
668,Adelaida,Female,ajentgensij@biblegateway.com
669,Georgianne,Female,gmacciik@newsvine.com
670,Salim,Male,smalcolmsonil@ifeng.com
671,Miltie,Male,mtownerim@prnewswire.com
672,Binny,Female,bwoodrooffein@vistaprint.com
673,Chere,Female,charbertsonio@dell.com
674,Fionna,Female,fsemechikip@webs.com
675,Juline,Female,juvedaleiq@github.com
676,Marcos,Male,mkarranir@msu.edu
677,Isadora,Female,ityzackis@vimeo.com
678,Adrianne,Female,alariveit@pen.io
679,Elli,Female,ezouchiu@liveinternet.ru
680,Baldwin,Male,bvanweedenburgiv@over-blog.com
681,Olva,Female,ostotheriw@fda.gov
682,Mona,Female,mlanderix@acquirethisname.com
683,Obediah,Male,oemmertiy@harvard.edu
684,Carine,Female,cbrimhamiz@t-online.de
685,Lisa,Female,lpriestmanj0@nhs.uk
686,Kalina,Female,kseifertj1@wsj.com
687,Persis,Female,priedigerj2@time.com
688,Shana,Female,stoomeyj3@cnn.com
689,Siobhan,Female,sschreij4@php.net
690,Carver,Male,cvasilechkoj5@mapquest.com
691,Albie,Male,asutterbyj6@vimeo.com
692,Claudian,Male,cgouninj7@edublogs.org
693,Danyelle,Female,ddavydkovj8@zdnet.com
694,Aviva,Female,ageorgiadesj9@posterous.com
695,Anstice,Female,adenzilowja@goodreads.com
696,Shellie,Female,stinnerjb@a8.net
697,Ulrica,Female,udemchenjc@discuz.net
698,Darda,Female,ddiniscojd@timesonline.co.uk
699,Ronny,Female,ridleje@51.la
700,Eben,Male,esandhilljf@github.com
701,Vita,Female,vpimlottjg@businesswire.com
702,Jeanie,Female,jvonderemptenjh@washington.edu
703,Ole,Male,odollji@addtoany.com
704,Weber,Male,wdablejj@parallels.com
705,Lawton,Male,lputtockjk@blogtalkradio.com
706,Murielle,Female,mtrawinjl@goo.gl
707,Gare,Male,glidgeyjm@weather.com
708,Fairfax,Male,fallibonejn@xing.com
709,Ileane,Female,iboysonjo@behance.net
710,Osbert,Male,oramasjp@dion.ne.jp
711,Bonny,Female,bveelerjq@sourceforge.net
712,Marcelia,Female,mhynamjr@github.io
713,Prudi,Female,poreaganjs@wufoo.com
714,Care,Male,ccowoppejt@taobao.com
715,Natty,Female,nalanju@storify.com
716,Lucy,Female,lrougheyjv@who.int
717,Wren,Female,welflainjw@boston.com
718,Priscilla,Female,pnicholljx@studiopress.com
719,Joice,Female,jblythinjy@studiopress.com
720,Silvano,Male,spattleljz@google.pl
721,Patrice,Male,pdeussk0@blog.com
722,Avrom,Male,agodehardsfk1@smugmug.com
723,Estell,Female,ematushevichk2@facebook.com
724,Caleb,Male,ccrottyk3@europa.eu
725,Elijah,Male,ewatmorek4@ocn.ne.jp
726,Noble,Male,nhasardk5@sogou.com
727,Flore,Female,fjorezk6@myspace.com
728,Micky,Male,mthorndycraftk7@abc.net.au
729,Audrye,Female,adoylandk8@chron.com
730,Gill,Female,gheersk9@msn.com
731,Jessie,Female,jslimonka@blinklist.com
732,Carlota,Female,cwarmingtonkb@loc.gov
733,Florian,Male,foconnorkc@cpanel.net
734,Legra,Female,lorablekd@fastcompany.com
735,Dorelle,Female,dluckinke@nba.com
736,Livvie,Female,llongthornekf@nationalgeographic.com
737,Jeralee,Female,jblackwellkg@woothemes.com
738,Fons,Male,fdawnaykh@indiegogo.com
739,Skippie,Male,skynanki@pagesperso-orange.fr
740,Corri,Female,cbrombykj@gmpg.org
741,Creighton,Male,cbenfellkk@hhs.gov
742,Jacinthe,Female,jpitrellikl@deliciousdays.com
743,Fayth,Female,flittlejohnkm@cdc.gov
744,Rand,Male,rdalrymplekn@answers.com
745,Chase,Male,cbaretteko@tripadvisor.com
746,Irene,Female,ihaylandkp@geocities.jp
747,Ginger,Male,gpitrassokq@ocn.ne.jp
748,Chelsea,Female,cpattendenkr@imgur.com
749,Cornelle,Female,clowisks@youtube.com
750,Fredric,Male,fjedrasikkt@blogs.com
751,Fitzgerald,Male,fgallowayku@theatlantic.com
752,Darya,Female,dedelkv@mashable.com
753,Burl,Male,bluxtonkw@adobe.com
754,Goober,Male,gmorecombkx@dyndns.org
755,Barbee,Female,bdoidgeky@businesswire.com
756,Remy,Female,rmowlingkz@goodreads.com
757,Thoma,Male,tbygatel0@goo.ne.jp
758,Angel,Male,abrainsbyl1@github.io
759,Candida,Female,cgittinsl2@networkadvertising.org
760,Benjamen,Male,bsoaperl3@hexun.com
761,Raphael,Male,rsimkinsl4@mlb.com
762,Lian,Female,lwarstalll5@marriott.com
763,Granville,Male,gsimpkissl6@amazon.co.jp
764,Calvin,Male,cwoolveridgel7@google.pl
765,Winfield,Male,wsenecauxl8@deviantart.com
766,Vivien,Female,vmiddupl9@technorati.com
767,Livvie,Female,lattacla@edublogs.org
768,Murial,Female,mstannislawskilb@eepurl.com
769,Jo-ann,Female,jcarrettlc@pen.io
770,Brian,Male,blovemanld@freewebs.com
771,Bab,Female,bmarsdenle@miitbeian.gov.cn
772,Reuben,Male,rwittylf@dailymail.co.uk
773,Harman,Male,hwinterslg@gravatar.com
774,Tracey,Male,twaylandlh@canalblog.com
775,Porty,Male,pmyttonli@tumblr.com
776,Quincy,Male,qfowlslj@fotki.com
777,Gaspar,Male,gkiliuslk@wikipedia.org
778,Joanie,Female,jsambiedgell@businessweek.com
779,Elfreda,Female,emcgilvralm@spiegel.de
780,Cesare,Male,cbrydenln@feedburner.com
781,Sylvester,Male,satkinslo@howstuffworks.com
782,Zahara,Female,zmatfieldlp@wikipedia.org
783,Walden,Male,wpattingsonlq@goo.gl
784,Hedda,Female,hlaverocklr@xing.com
785,Lin,Female,lwyonls@wufoo.com
786,Rois,Female,rtosneylt@myspace.com
787,Frank,Female,frovelu@gizmodo.com
788,Yalonda,Female,yisabelllv@google.co.uk
789,Sol,Male,smoxonlw@mashable.com
790,Caprice,Female,cdenisovolx@europa.eu
791,Dena,Female,dmarielly@engadget.com
792,Vitoria,Female,vrapinettlz@paypal.com
793,Amaleta,Female,acawderym0@jalbum.net
794,Ambrose,Male,agilfillanm1@wired.com
795,Bertine,Female,bwigginsm2@indiegogo.com
796,Krisha,Male,ksibleym3@barnesandnoble.com
797,Scarlett,Female,skensettm4@foxnews.com
798,Cristi,Female,cinglibym5@amazon.com
799,Christalle,Female,cmottleym6@a8.net
800,Oswell,Male,opovlsenm7@altervista.org
801,Derby,Male,dcolbornm8@clickbank.net
802,Terrill,Male,tlecountm9@hp.com
803,Lucila,Female,larlowma@weebly.com
804,Druci,Female,dolenanemb@newsvine.com
805,Sean,Male,sdevonportmc@amazon.co.uk
806,Amabel,Female,akernaghanmd@patch.com
807,Tilda,Female,tandrichme@ucoz.ru
808,Merridie,Female,mspraggmf@constantcontact.com
809,Madelin,Female,movernellmg@mozilla.org
810,Prudi,Female,pblacklockmh@noaa.gov
811,Onofredo,Male,ocashmi@go.com
812,Elton,Male,ematterismj@patch.com
813,Axel,Male,adouchemk@prnewswire.com
814,Galvan,Male,gsurgoodml@sina.com.cn
815,Ursulina,Female,uristemm@facebook.com
816,Mycah,Male,mbentsenmn@huffingtonpost.com
817,Simone,Male,sdavidovichmo@wunderground.com
818,Giselle,Female,ggipsonmp@pen.io
819,Glynda,Female,gmothersdalemq@yale.edu
820,Mason,Male,mplumbridgemr@seattletimes.com
821,Raynell,Female,reschems@wufoo.com
822,Rockey,Male,rproudmanmt@netlog.com
823,Harris,Male,hzottolimu@engadget.com
824,Keane,Male,kramsdenmv@mit.edu
825,Corey,Female,chailmw@irs.gov
826,Hollyanne,Female,hlyndemx@noaa.gov
827,Candice,Female,cfairhammy@csmonitor.com
828,Brigham,Male,bcubittmz@goo.gl
829,Ida,Female,ipullmann0@dyndns.org
830,Nada,Female,nmcnallyn1@mit.edu
831,Hunfredo,Male,hsarfatn2@wikimedia.org
832,Chucho,Male,cwarmishamn3@icio.us
833,Clark,Male,cvannoortn4@4shared.com
834,Aguste,Male,astirmann5@cbslocal.com
835,Sidonia,Female,sadamovskyn6@google.com.au
836,Muire,Female,mbennern7@nationalgeographic.com
837,Daphne,Female,dwinmilln8@prweb.com
838,Marcie,Female,mwoolfordn9@vkontakte.ru
839,Abba,Male,apidduckna@umich.edu
840,Claire,Male,chorlicknb@pagesperso-orange.fr
841,Masha,Female,mfudgernc@upenn.edu
842,Latrena,Female,lloosleynd@jigsy.com
843,Zacharias,Male,zsarfassne@xing.com
844,Melesa,Female,mfleckneynf@google.com.hk
845,Rita,Female,rhanscomeng@wix.com
846,Andy,Male,acornallnh@techcrunch.com
847,Suellen,Female,sbuddellni@google.co.uk
848,Noel,Female,ndekeysernj@home.pl
849,Hakim,Male,htusonnk@imageshack.us
850,Karlis,Male,klayfieldnl@webmd.com
851,Elsey,Female,ewoollonsnm@dot.gov
852,Cordelia,Female,cnorenn@state.tx.us
853,Earvin,Male,eclutramno@hao123.com
854,Daryl,Male,drichensnp@un.org
855,Pru,Female,pmudgenq@latimes.com
856,Cobbie,Male,croomenr@51.la
857,Brnaba,Male,blakentonns@creativecommons.org
858,Theresina,Female,twilbynt@wikipedia.org
859,Penni,Female,pwindrassnu@networksolutions.com
860,Lois,Female,lvauternv@deliciousdays.com
861,Leontine,Female,lgreenwoodnw@hibu.com
862,Sigismond,Male,sdermotnx@infoseek.co.jp
863,Charlie,Male,cmcdougalny@scientificamerican.com
864,Henrie,Female,hsawternz@upenn.edu
865,Normand,Male,neddingtono0@oaic.gov.au
866,Augusta,Female,apiscoo1@hc360.com
867,Morganne,Female,mhannono2@livejournal.com
868,Darelle,Female,darmando3@yahoo.com
869,Pace,Male,pboleyno4@bbc.co.uk
870,Rosalie,Female,rbothamso5@washington.edu
871,Oralee,Female,ofickeno6@amazon.de
872,Lucita,Female,lfeavyouro7@bigcartel.com
873,Jennilee,Female,jkarpychevo8@mapy.cz
874,Seth,Male,ssearchwello9@parallels.com
875,Tammy,Male,tlebarroa@desdev.cn
876,Bridgette,Female,bdelacourtob@google.nl
877,Lance,Male,lbernardellioc@google.nl
878,Cullin,Male,clutood@va.gov
879,Loni,Female,lflanniganoe@bing.com
880,Auberon,Male,araundsof@mediafire.com
881,Pren,Male,pmarriottog@diigo.com
882,Shelden,Male,sbleakmanoh@dell.com
883,Herrick,Male,hmacmenaminoi@ovh.net
884,Randa,Female,rredittoj@imageshack.us
885,Shantee,Female,sgilhamok@indiegogo.com
886,Karoly,Male,klegerwoodol@shop-pro.jp
887,Jacobo,Male,jskittleom@mtv.com
888,Hurlee,Male,hlemanon@dailymotion.com
889,Nathalia,Female,nivashkinoo@google.fr
890,Garold,Male,ggwillyamop@altervista.org
891,Benedikt,Male,bfusseyoq@bravesites.com
892,Cynde,Female,cpietrior@state.tx.us
893,Nollie,Male,nmaaszeos@si.edu
894,Lester,Male,lmckearnenot@state.gov
895,Betty,Female,bbellewou@storify.com
896,Lynette,Female,lcowlesov@51.la
897,Whittaker,Male,wkordaow@domainmarket.com
898,Hendrika,Female,hpendreox@multiply.com
899,Fairfax,Male,fsivilloy@theatlantic.com
900,Shawn,Male,sannesoz@alexa.com
901,Ray,Female,raindraisp0@cbslocal.com
902,Flore,Female,fkobierzyckip1@woothemes.com
903,Winny,Female,wgloyp2@mayoclinic.com
904,Ryann,Female,rturbatp3@apache.org
905,Muhammad,Male,mkleinholzp4@virginia.edu
906,Susanne,Female,spressmanp5@live.com
907,Renard,Male,rzelnerp6@wufoo.com
908,Dell,Male,dtynemouthp7@reuters.com
909,Iggy,Male,ithurlbornp8@answers.com
910,Flin,Male,fbritop9@google.fr
911,Arline,Female,akrzyzowskipa@bbc.co.uk
912,Ricki,Male,rharlickpb@ihg.com
913,Kimberlee,Female,kpringerpc@ucsd.edu
914,Monro,Male,mbirdseyepd@europa.eu
915,Yale,Male,ycornelissepe@google.com.au
916,Cyril,Male,cpiburnpf@eepurl.com
917,Adelina,Female,agoldspinkpg@mayoclinic.com
918,Elane,Female,edummettph@amazon.co.jp
919,Horacio,Male,hdumbreckpi@quantcast.com
920,Aristotle,Male,aricharsonpj@nhs.uk
921,Gusta,Female,greamepk@msu.edu
922,Trip,Male,tvakhoninpl@umich.edu
923,Ajay,Female,ahubatschpm@cbsnews.com
924,Sosanna,Female,smillingtonpn@cnbc.com
925,Emanuele,Male,egrinikhinpo@usatoday.com
926,Karlik,Male,kbiglypp@ucsd.edu
927,Sean,Female,spiddockpq@e-recht24.de
928,Larisa,Female,lscrewtonpr@youtube.com
929,Nickie,Male,nnisetps@cam.ac.uk
930,Erhart,Male,epolottipt@zimbio.com
931,Garret,Male,gdowlingpu@prnewswire.com
932,Wang,Male,wfuentespv@bbc.co.uk
933,Lea,Female,livankovpw@csmonitor.com
934,Giulia,Female,gcrinidgepx@wp.com
935,Aaren,Female,acassepy@unblog.fr
936,Worden,Male,wpeytopz@skype.com
937,Bea,Female,bbouldeq0@netlog.com
938,Rodrick,Male,rsynckeq1@wordpress.com
939,Nanette,Female,nscoullarq2@webs.com
940,Tate,Male,tbraunleinq3@surveymonkey.com
941,Loraine,Female,lbarentsq4@google.pl
942,Chadd,Male,cpouldenq5@dagondesign.com
943,Farica,Female,fmccollq6@utexas.edu
944,Andros,Male,aslimmeq7@sciencedaily.com
945,Matti,Female,mclyantq8@joomla.org
946,Herrick,Male,hpywellq9@artisteer.com
947,Madella,Female,mosherrinqa@rambler.ru
948,Beckie,Female,bandragqb@devhub.com
949,Andrei,Female,ascortonqc@plala.or.jp
950,Sharyl,Female,sduffilqd@woothemes.com
951,Krystyna,Female,kmacallanqe@baidu.com
952,Patricia,Female,pborboroughqf@constantcontact.com
953,Arne,Male,avictoriaqg@psu.edu
954,Bastien,Male,bdaburnqh@facebook.com
955,Melisande,Female,msquiresqi@ed.gov
956,Bevin,Male,bpfaffelqj@ustream.tv
957,Foster,Male,fstebbinqk@slashdot.org
958,Berte,Female,bmcnaeql@yellowpages.com
959,Domingo,Male,dreditqm@myspace.com
960,Elisabet,Female,echamanqn@fotki.com
961,Lana,Female,lbrecheqo@youtube.com
962,Hadley,Male,hfonteqp@webnode.com
963,Farand,Female,fcasserleyqq@jugem.jp
964,Judd,Male,jmatzenqr@ibm.com
965,Neddie,Male,njesteqs@si.edu
966,Tomasine,Female,tbrecherqt@wix.com
967,Rodolfo,Male,rhuckelqu@whitehouse.gov
968,Kellyann,Female,kurquhartqv@uiuc.edu
969,Talbot,Male,teuelsqw@rambler.ru
970,Frederico,Male,fplaidqx@bluehost.com
971,Ker,Male,kbessetqy@google.pl
972,Brodie,Male,bwildinqz@jimdo.com
973,Tresa,Female,tspreckleyr0@wp.com
974,Bertrand,Male,bluscomber1@whitehouse.gov
975,Clare,Male,ctrappr2@senate.gov
976,Sibella,Female,sholttomr3@europa.eu
977,Geoffry,Male,ggrzegorzewiczr4@answers.com
978,Olag,Male,ostroyanr5@51.la
979,Lucian,Male,lrobbr6@vistaprint.com
980,Remy,Female,rabramzonr7@amazon.co.jp
981,Wendye,Female,wbigriggr8@simplemachines.org
982,Pat,Female,pdonglesr9@amazon.com
983,Lynnett,Female,lsheedra@mayoclinic.com
984,Freddy,Male,fsewartrb@macromedia.com
985,Annora,Female,adruryrc@ehow.com
986,Galina,Female,glanfarerd@nifty.com
987,Lancelot,Male,lleare@phoca.cz
988,Austina,Female,aweblingrf@newyorker.com
989,Antone,Male,ayakunikovrg@opera.com
990,Trevor,Male,tbeveragerh@sfgate.com
991,Keelia,Female,kbeardri@intel.com
992,Carling,Male,cpreslandrj@aboutads.info
993,Elka,Female,emayworthrk@cocolog-nifty.com
994,Tarah,Female,tbunneyrl@lulu.com
995,Cherrita,Female,cantoonsrm@omniture.com
996,Florence,Female,fmertonrn@clickbank.net
997,Cort,Male,cfonsoro@mapy.cz
998,Chalmers,Male,cdarbyshirerp@deviantart.com
999,Ernestine,Female,euttermarerq@slashdot.org
1000,Clarice,Female,cfonteynerr@go.com
